{ 
    "_id" : ObjectId("5fddac52683cc2471cdd32af"), 
    "otp_try" : "0", 
    "verification_status" : "N", 
    "phone_number" : "0853533333", 
    "otp" : "188638", 
    "created_at" : ISODate("2020-12-19T07:31:30.401+0000"), 
    "valid_until" : ISODate("2020-12-19T07:31:30.401+0000"), 
    "__v" : NumberInt(0)
}
{ 
    "_id" : ObjectId("5fddad0af3f130496c44141a"), 
    "otp_try" : "0", 
    "verification_status" : "N", 
    "phone_number" : "0853533333", 
    "otp" : "246257", 
    "valid_until" : ISODate("2020-12-19T07:39:34.633+0000"), 
    "created_at" : ISODate("2020-12-19T07:34:34.642+0000"), 
    "__v" : NumberInt(0)
}
{ 
    "_id" : ObjectId("5fddadb6f3f130496c44141b"), 
    "otp_try" : "0", 
    "verification_status" : "N", 
    "phone_number" : "0853533333", 
    "otp" : "592873", 
    "valid_until" : ISODate("2020-12-19T07:42:26.140+0000"), 
    "created_at" : ISODate("2020-12-19T07:37:26.141+0000"), 
    "__v" : NumberInt(0)
}
{ 
    "_id" : ObjectId("5fddadd2c72a4b4bfed5fa45"), 
    "otp_try" : "0", 
    "verification_status" : "N", 
    "phone_number" : "0853533333", 
    "otp" : "187677", 
    "valid_until" : ISODate("2020-12-19T07:42:54.817+0000"), 
    "created_at" : ISODate("2020-12-19T07:37:54.822+0000"), 
    "__v" : NumberInt(0)
}
{ 
    "_id" : ObjectId("5fddae6b9b4aac4dfe8a41ec"), 
    "otp_try" : "0", 
    "verification_status" : "N", 
    "phone_number" : "0853533333", 
    "otp" : "004648", 
    "valid_until" : ISODate("2020-12-19T07:45:27.836+0000"), 
    "created_at" : ISODate("2020-12-19T07:40:27.840+0000"), 
    "__v" : NumberInt(0)
}
{ 
    "_id" : ObjectId("5fddb0a0d6187a550d3c7479"), 
    "otp_try" : "0", 
    "verification_status" : "N", 
    "phone_number" : "0853533333", 
    "otp" : "082486", 
    "valid_until" : ISODate("2020-12-19T07:54:52.282+0000"), 
    "created_at" : ISODate("2020-12-19T07:49:52.293+0000"), 
    "__v" : NumberInt(0)
}
{ 
    "_id" : ObjectId("5fddb0c14a4474559d29e486"), 
    "otp_try" : "0", 
    "verification_status" : "N", 
    "phone_number" : "0853533333", 
    "otp" : "865376", 
    "valid_until" : ISODate("2020-12-19T07:55:25.852+0000"), 
    "created_at" : ISODate("2020-12-19T07:50:25.855+0000"), 
    "__v" : NumberInt(0)
}
{ 
    "_id" : ObjectId("5fddb0c74a4474559d29e487"), 
    "otp_try" : "0", 
    "verification_status" : "N", 
    "phone_number" : "0853533333", 
    "otp" : "342400", 
    "valid_until" : ISODate("2020-12-19T07:55:31.740+0000"), 
    "created_at" : ISODate("2020-12-19T07:50:31.740+0000"), 
    "__v" : NumberInt(0)
}
{ 
    "_id" : ObjectId("5fddb1244a4474559d29e488"), 
    "otp_try" : "0", 
    "verification_status" : "N", 
    "phone_number" : "0853533333", 
    "otp" : "802410", 
    "valid_until" : ISODate("2020-12-19T07:57:04.681+0000"), 
    "created_at" : ISODate("2020-12-19T07:52:04.682+0000"), 
    "__v" : NumberInt(0)
}
{ 
    "_id" : ObjectId("5fddb1b2a179db58aff068e7"), 
    "otp_try" : "0", 
    "verification_status" : "N", 
    "phone_number" : "0853533333", 
    "otp" : "602286", 
    "valid_until" : ISODate("2020-12-19T07:59:26.829+0000"), 
    "created_at" : ISODate("2020-12-19T07:54:26.832+0000"), 
    "__v" : NumberInt(0)
}
{ 
    "_id" : ObjectId("5fddb371e8dd885e35e25a8a"), 
    "otp_try" : "0", 
    "verification_status" : "N", 
    "phone_number" : "0853533333", 
    "otp" : "182177", 
    "valid_until" : ISODate("2020-12-19T08:06:53.800+0000"), 
    "created_at" : ISODate("2020-12-19T08:01:53.803+0000"), 
    "__v" : NumberInt(0)
}
{ 
    "_id" : ObjectId("5fddb57bf39ad764e03ef7a2"), 
    "otp_try" : "0", 
    "verification_status" : "N", 
    "phone_number" : "081222811197", 
    "otp" : "509758", 
    "valid_until" : ISODate("2020-12-19T08:15:35.346+0000"), 
    "created_at" : ISODate("2020-12-19T08:10:35.348+0000"), 
    "__v" : NumberInt(0)
}
{ 
    "_id" : ObjectId("5fddb5a4f39ad764e03ef7a3"), 
    "otp_try" : "0", 
    "verification_status" : "N", 
    "phone_number" : "081222811197", 
    "otp" : "533606", 
    "valid_until" : ISODate("2020-12-19T08:16:16.976+0000"), 
    "created_at" : ISODate("2020-12-19T08:11:16.977+0000"), 
    "__v" : NumberInt(0)
}
{ 
    "_id" : ObjectId("5fddb665f39ad764e03ef7a4"), 
    "otp_try" : "0", 
    "verification_status" : "N", 
    "phone_number" : "081222811129", 
    "otp" : "812820", 
    "valid_until" : ISODate("2020-12-19T08:19:29.711+0000"), 
    "created_at" : ISODate("2020-12-19T08:14:29.711+0000"), 
    "__v" : NumberInt(0)
}
{ 
    "_id" : ObjectId("5fddb67bf39ad764e03ef7a5"), 
    "otp_try" : "0", 
    "verification_status" : "N", 
    "phone_number" : "081222811129", 
    "otp" : "816620", 
    "valid_until" : ISODate("2020-12-19T08:19:51.446+0000"), 
    "created_at" : ISODate("2020-12-19T08:14:51.446+0000"), 
    "__v" : NumberInt(0)
}
{ 
    "_id" : ObjectId("5fddb6f5f39ad764e03ef7a6"), 
    "otp_try" : "0", 
    "verification_status" : "N", 
    "phone_number" : "081222811129", 
    "otp" : "118912", 
    "valid_until" : ISODate("2020-12-19T08:21:53.280+0000"), 
    "created_at" : ISODate("2020-12-19T08:16:53.280+0000"), 
    "__v" : NumberInt(0)
}
{ 
    "_id" : ObjectId("5fddb70ef39ad764e03ef7a7"), 
    "otp_try" : "0", 
    "verification_status" : "N", 
    "phone_number" : "081222811121", 
    "otp" : "033007", 
    "valid_until" : ISODate("2020-12-19T08:22:18.517+0000"), 
    "created_at" : ISODate("2020-12-19T08:17:18.517+0000"), 
    "__v" : NumberInt(0)
}
{ 
    "_id" : ObjectId("5fddb712f39ad764e03ef7a8"), 
    "otp_try" : "0", 
    "verification_status" : "N", 
    "phone_number" : "081222811128", 
    "otp" : "639590", 
    "valid_until" : ISODate("2020-12-19T08:22:22.554+0000"), 
    "created_at" : ISODate("2020-12-19T08:17:22.554+0000"), 
    "__v" : NumberInt(0)
}
{ 
    "_id" : ObjectId("5fddb79ff39ad764e03ef7a9"), 
    "otp_try" : "0", 
    "verification_status" : "N", 
    "phone_number" : "081222811128", 
    "otp" : "541900", 
    "valid_until" : ISODate("2020-12-19T08:24:43.476+0000"), 
    "created_at" : ISODate("2020-12-19T08:19:43.476+0000"), 
    "__v" : NumberInt(0)
}
{ 
    "_id" : ObjectId("5fddb7aef39ad764e03ef7aa"), 
    "otp_try" : "0", 
    "verification_status" : "N", 
    "phone_number" : "081222811128", 
    "otp" : "055451", 
    "valid_until" : ISODate("2020-12-19T08:24:58.934+0000"), 
    "created_at" : ISODate("2020-12-19T08:19:58.934+0000"), 
    "__v" : NumberInt(0)
}
{ 
    "_id" : ObjectId("5fddb855f39ad764e03ef7ab"), 
    "otp_try" : "0", 
    "verification_status" : "N", 
    "phone_number" : "081222811128", 
    "otp" : "202262", 
    "valid_until" : ISODate("2020-12-19T08:27:45.902+0000"), 
    "created_at" : ISODate("2020-12-19T08:22:45.902+0000"), 
    "__v" : NumberInt(0)
}
{ 
    "_id" : ObjectId("5fddc3c0de601486b8a8f755"), 
    "otp_try" : "0", 
    "verification_status" : "N", 
    "phone_number" : "081222811129", 
    "otp" : "529518", 
    "valid_until" : ISODate("2020-12-19T09:16:28.293+0000"), 
    "created_at" : ISODate("2020-12-19T09:11:28.296+0000"), 
    "__v" : NumberInt(0)
}
{ 
    "_id" : ObjectId("5fddc3e7de601486b8a8f756"), 
    "otp_try" : "0", 
    "verification_status" : "N", 
    "phone_number" : "081222811129", 
    "otp" : "760222", 
    "valid_until" : ISODate("2020-12-19T09:17:07.606+0000"), 
    "created_at" : ISODate("2020-12-19T09:12:07.606+0000"), 
    "__v" : NumberInt(0)
}
{ 
    "_id" : ObjectId("5fddc420de601486b8a8f757"), 
    "otp_try" : "0", 
    "verification_status" : "N", 
    "phone_number" : "081222811129", 
    "otp" : "200604", 
    "valid_until" : ISODate("2020-12-19T09:18:04.417+0000"), 
    "created_at" : ISODate("2020-12-19T09:13:04.417+0000"), 
    "__v" : NumberInt(0)
}
{ 
    "_id" : ObjectId("5fddc421de601486b8a8f758"), 
    "otp_try" : "0", 
    "verification_status" : "N", 
    "phone_number" : "081222811129", 
    "otp" : "623251", 
    "valid_until" : ISODate("2020-12-19T09:18:05.337+0000"), 
    "created_at" : ISODate("2020-12-19T09:13:05.337+0000"), 
    "__v" : NumberInt(0)
}
{ 
    "_id" : ObjectId("5fddc47dde601486b8a8f759"), 
    "otp_try" : "0", 
    "verification_status" : "N", 
    "phone_number" : "081222811129", 
    "otp" : "061610", 
    "valid_until" : ISODate("2020-12-19T09:19:37.894+0000"), 
    "created_at" : ISODate("2020-12-19T09:14:37.894+0000"), 
    "__v" : NumberInt(0)
}
{ 
    "_id" : ObjectId("5fddc48dde601486b8a8f75a"), 
    "otp_try" : "0", 
    "verification_status" : "N", 
    "phone_number" : "081222811129", 
    "otp" : "398104", 
    "valid_until" : ISODate("2020-12-19T09:19:53.526+0000"), 
    "created_at" : ISODate("2020-12-19T09:14:53.526+0000"), 
    "__v" : NumberInt(0)
}
{ 
    "_id" : ObjectId("5fddc48ede601486b8a8f75b"), 
    "otp_try" : "0", 
    "verification_status" : "N", 
    "phone_number" : "081222811129", 
    "otp" : "171255", 
    "valid_until" : ISODate("2020-12-19T09:19:54.802+0000"), 
    "created_at" : ISODate("2020-12-19T09:14:54.802+0000"), 
    "__v" : NumberInt(0)
}
{ 
    "_id" : ObjectId("5fddc48fde601486b8a8f75c"), 
    "otp_try" : "0", 
    "verification_status" : "N", 
    "phone_number" : "081222811129", 
    "otp" : "863960", 
    "valid_until" : ISODate("2020-12-19T09:19:55.727+0000"), 
    "created_at" : ISODate("2020-12-19T09:14:55.727+0000"), 
    "__v" : NumberInt(0)
}
{ 
    "_id" : ObjectId("5fddc490de601486b8a8f75d"), 
    "otp_try" : "0", 
    "verification_status" : "N", 
    "phone_number" : "081222811129", 
    "otp" : "330427", 
    "valid_until" : ISODate("2020-12-19T09:19:56.574+0000"), 
    "created_at" : ISODate("2020-12-19T09:14:56.575+0000"), 
    "__v" : NumberInt(0)
}
{ 
    "_id" : ObjectId("5fddc491de601486b8a8f75e"), 
    "otp_try" : "0", 
    "verification_status" : "N", 
    "phone_number" : "081222811129", 
    "otp" : "972002", 
    "valid_until" : ISODate("2020-12-19T09:19:57.393+0000"), 
    "created_at" : ISODate("2020-12-19T09:14:57.393+0000"), 
    "__v" : NumberInt(0)
}
{ 
    "_id" : ObjectId("5fddc492de601486b8a8f75f"), 
    "otp_try" : "0", 
    "verification_status" : "N", 
    "phone_number" : "081222811129", 
    "otp" : "513703", 
    "valid_until" : ISODate("2020-12-19T09:19:58.369+0000"), 
    "created_at" : ISODate("2020-12-19T09:14:58.369+0000"), 
    "__v" : NumberInt(0)
}
{ 
    "_id" : ObjectId("5fddc4abde601486b8a8f760"), 
    "otp_try" : "0", 
    "verification_status" : "N", 
    "phone_number" : "081222811129", 
    "otp" : "861537", 
    "valid_until" : ISODate("2020-12-19T09:20:23.119+0000"), 
    "created_at" : ISODate("2020-12-19T09:15:23.120+0000"), 
    "__v" : NumberInt(0)
}
{ 
    "_id" : ObjectId("5fddc4acde601486b8a8f761"), 
    "otp_try" : "0", 
    "verification_status" : "N", 
    "phone_number" : "081222811129", 
    "otp" : "475208", 
    "valid_until" : ISODate("2020-12-19T09:20:24.273+0000"), 
    "created_at" : ISODate("2020-12-19T09:15:24.274+0000"), 
    "__v" : NumberInt(0)
}
{ 
    "_id" : ObjectId("5fddc4adde601486b8a8f762"), 
    "otp_try" : "0", 
    "verification_status" : "N", 
    "phone_number" : "081222811129", 
    "otp" : "040935", 
    "valid_until" : ISODate("2020-12-19T09:20:25.221+0000"), 
    "created_at" : ISODate("2020-12-19T09:15:25.221+0000"), 
    "__v" : NumberInt(0)
}
{ 
    "_id" : ObjectId("5fddc4aede601486b8a8f763"), 
    "otp_try" : "0", 
    "verification_status" : "N", 
    "phone_number" : "081222811129", 
    "otp" : "724552", 
    "valid_until" : ISODate("2020-12-19T09:20:26.036+0000"), 
    "created_at" : ISODate("2020-12-19T09:15:26.036+0000"), 
    "__v" : NumberInt(0)
}
{ 
    "_id" : ObjectId("5fddc4aede601486b8a8f764"), 
    "otp_try" : "0", 
    "verification_status" : "N", 
    "phone_number" : "081222811129", 
    "otp" : "920042", 
    "valid_until" : ISODate("2020-12-19T09:20:26.809+0000"), 
    "created_at" : ISODate("2020-12-19T09:15:26.809+0000"), 
    "__v" : NumberInt(0)
}
{ 
    "_id" : ObjectId("5fddc4afde601486b8a8f765"), 
    "otp_try" : "0", 
    "verification_status" : "N", 
    "phone_number" : "081222811129", 
    "otp" : "110358", 
    "valid_until" : ISODate("2020-12-19T09:20:27.584+0000"), 
    "created_at" : ISODate("2020-12-19T09:15:27.584+0000"), 
    "__v" : NumberInt(0)
}
{ 
    "_id" : ObjectId("5fddc4b0de601486b8a8f766"), 
    "otp_try" : "0", 
    "verification_status" : "N", 
    "phone_number" : "081222811129", 
    "otp" : "009690", 
    "valid_until" : ISODate("2020-12-19T09:20:28.443+0000"), 
    "created_at" : ISODate("2020-12-19T09:15:28.443+0000"), 
    "__v" : NumberInt(0)
}
{ 
    "_id" : ObjectId("5fddc4b1de601486b8a8f767"), 
    "otp_try" : "0", 
    "verification_status" : "N", 
    "phone_number" : "081222811129", 
    "otp" : "979304", 
    "valid_until" : ISODate("2020-12-19T09:20:29.317+0000"), 
    "created_at" : ISODate("2020-12-19T09:15:29.317+0000"), 
    "__v" : NumberInt(0)
}
{ 
    "_id" : ObjectId("5fddc4b2de601486b8a8f768"), 
    "otp_try" : "0", 
    "verification_status" : "N", 
    "phone_number" : "081222811129", 
    "otp" : "976781", 
    "valid_until" : ISODate("2020-12-19T09:20:30.187+0000"), 
    "created_at" : ISODate("2020-12-19T09:15:30.187+0000"), 
    "__v" : NumberInt(0)
}
{ 
    "_id" : ObjectId("5fddc4b3de601486b8a8f769"), 
    "otp_try" : "0", 
    "verification_status" : "N", 
    "phone_number" : "081222811129", 
    "otp" : "886001", 
    "valid_until" : ISODate("2020-12-19T09:20:31.072+0000"), 
    "created_at" : ISODate("2020-12-19T09:15:31.072+0000"), 
    "__v" : NumberInt(0)
}
{ 
    "_id" : ObjectId("5fddc4b3de601486b8a8f76a"), 
    "otp_try" : "0", 
    "verification_status" : "N", 
    "phone_number" : "081222811129", 
    "otp" : "210009", 
    "valid_until" : ISODate("2020-12-19T09:20:31.906+0000"), 
    "created_at" : ISODate("2020-12-19T09:15:31.906+0000"), 
    "__v" : NumberInt(0)
}
{ 
    "_id" : ObjectId("5fddc506de601486b8a8f76b"), 
    "otp_try" : "0", 
    "verification_status" : "N", 
    "phone_number" : "081222811129", 
    "otp" : "045260", 
    "valid_until" : ISODate("2020-12-19T09:21:54.861+0000"), 
    "created_at" : ISODate("2020-12-19T09:16:54.861+0000"), 
    "__v" : NumberInt(0)
}
{ 
    "_id" : ObjectId("5fddc58bde601486b8a8f76c"), 
    "otp_try" : "0", 
    "verification_status" : "N", 
    "phone_number" : "081222811129", 
    "otp" : "726990", 
    "valid_until" : ISODate("2020-12-19T09:24:07.498+0000"), 
    "created_at" : ISODate("2020-12-19T09:19:07.498+0000"), 
    "__v" : NumberInt(0)
}
{ 
    "_id" : ObjectId("5fddc58dde601486b8a8f76d"), 
    "otp_try" : "0", 
    "verification_status" : "N", 
    "phone_number" : "081222811129", 
    "otp" : "934533", 
    "valid_until" : ISODate("2020-12-19T09:24:09.191+0000"), 
    "created_at" : ISODate("2020-12-19T09:19:09.191+0000"), 
    "__v" : NumberInt(0)
}
{ 
    "_id" : ObjectId("5fddc5bff5c78f9a66177006"), 
    "otp_try" : "0", 
    "verification_status" : "N", 
    "phone_number" : "081222811129", 
    "otp" : "906074", 
    "valid_until" : ISODate("2020-12-19T09:24:59.005+0000"), 
    "created_at" : ISODate("2020-12-19T09:19:59.009+0000"), 
    "__v" : NumberInt(0)
}
{ 
    "_id" : ObjectId("5fddc5c3f5c78f9a66177007"), 
    "otp_try" : "0", 
    "verification_status" : "N", 
    "phone_number" : "081222811129", 
    "otp" : "408144", 
    "valid_until" : ISODate("2020-12-19T09:25:03.986+0000"), 
    "created_at" : ISODate("2020-12-19T09:20:03.986+0000"), 
    "__v" : NumberInt(0)
}
{ 
    "_id" : ObjectId("5fddc603f5c78f9a66177008"), 
    "otp_try" : "0", 
    "verification_status" : "N", 
    "phone_number" : "081222811129", 
    "otp" : "223677", 
    "valid_until" : ISODate("2020-12-19T09:26:07.771+0000"), 
    "created_at" : ISODate("2020-12-19T09:21:07.772+0000"), 
    "__v" : NumberInt(0)
}
{ 
    "_id" : ObjectId("5fddca20f5c78f9a66177009"), 
    "otp_try" : "0", 
    "verification_status" : "N", 
    "phone_number" : "081222811139", 
    "otp" : "150551", 
    "valid_until" : ISODate("2020-12-19T09:43:40.188+0000"), 
    "created_at" : ISODate("2020-12-19T09:38:40.188+0000"), 
    "__v" : NumberInt(0)
}
{ 
    "_id" : ObjectId("5fddcb3ef5c78f9a6617700a"), 
    "otp_try" : "0", 
    "verification_status" : "N", 
    "phone_number" : "081222811139", 
    "otp" : "618555", 
    "valid_until" : ISODate("2020-12-19T09:48:26.059+0000"), 
    "created_at" : ISODate("2020-12-19T09:43:26.060+0000"), 
    "__v" : NumberInt(0)
}
{ 
    "_id" : ObjectId("5fddcb65f5c78f9a6617700b"), 
    "otp_try" : "0", 
    "verification_status" : "N", 
    "phone_number" : "081222811139", 
    "otp" : "810241", 
    "valid_until" : ISODate("2020-12-19T09:49:05.105+0000"), 
    "created_at" : ISODate("2020-12-19T09:44:05.105+0000"), 
    "__v" : NumberInt(0)
}
{ 
    "_id" : ObjectId("5fddcbc6f5c78f9a6617700c"), 
    "otp_try" : "0", 
    "verification_status" : "N", 
    "phone_number" : "081222811139", 
    "otp" : "077106", 
    "valid_until" : ISODate("2020-12-19T09:50:42.105+0000"), 
    "created_at" : ISODate("2020-12-19T09:45:42.105+0000"), 
    "__v" : NumberInt(0)
}
{ 
    "_id" : ObjectId("5fddcbcaf5c78f9a6617700d"), 
    "otp_try" : "0", 
    "verification_status" : "N", 
    "phone_number" : "081222811139", 
    "otp" : "082614", 
    "valid_until" : ISODate("2020-12-19T09:50:46.372+0000"), 
    "created_at" : ISODate("2020-12-19T09:45:46.372+0000"), 
    "__v" : NumberInt(0)
}
{ 
    "_id" : ObjectId("5fddcc08f5c78f9a6617700e"), 
    "otp_try" : "0", 
    "verification_status" : "N", 
    "phone_number" : "081222811139", 
    "otp" : "532295", 
    "valid_until" : ISODate("2020-12-19T09:51:48.122+0000"), 
    "created_at" : ISODate("2020-12-19T09:46:48.122+0000"), 
    "__v" : NumberInt(0)
}
{ 
    "_id" : ObjectId("5fddcc28f5c78f9a6617700f"), 
    "otp_try" : "0", 
    "verification_status" : "N", 
    "phone_number" : "081222811139", 
    "otp" : "556020", 
    "valid_until" : ISODate("2020-12-19T09:52:20.155+0000"), 
    "created_at" : ISODate("2020-12-19T09:47:20.155+0000"), 
    "__v" : NumberInt(0)
}
{ 
    "_id" : ObjectId("5fddcc4bf5c78f9a66177010"), 
    "otp_try" : "0", 
    "verification_status" : "N", 
    "phone_number" : "081222811139", 
    "otp" : "690264", 
    "valid_until" : ISODate("2020-12-19T09:52:55.931+0000"), 
    "created_at" : ISODate("2020-12-19T09:47:55.931+0000"), 
    "__v" : NumberInt(0)
}
{ 
    "_id" : ObjectId("5fddcc61f5c78f9a66177011"), 
    "otp_try" : "0", 
    "verification_status" : "N", 
    "phone_number" : "081222811139", 
    "otp" : "483586", 
    "valid_until" : ISODate("2020-12-19T09:53:17.989+0000"), 
    "created_at" : ISODate("2020-12-19T09:48:17.990+0000"), 
    "__v" : NumberInt(0)
}
{ 
    "_id" : ObjectId("5fddccb7f5c78f9a66177012"), 
    "otp_try" : "0", 
    "verification_status" : "N", 
    "phone_number" : "081222811139", 
    "otp" : "512576", 
    "valid_until" : ISODate("2020-12-19T09:54:43.818+0000"), 
    "created_at" : ISODate("2020-12-19T09:49:43.818+0000"), 
    "__v" : NumberInt(0)
}
{ 
    "_id" : ObjectId("5fddd7faf5c78f9a66177013"), 
    "otp_try" : "0", 
    "verification_status" : "N", 
    "phone_number" : "081222811134", 
    "otp" : "416005", 
    "valid_until" : ISODate("2020-12-19T10:42:46.590+0000"), 
    "created_at" : ISODate("2020-12-19T10:37:46.591+0000"), 
    "__v" : NumberInt(0)
}
{ 
    "_id" : ObjectId("5fddd92df5c78f9a66177014"), 
    "otp_try" : "0", 
    "verification_status" : "N", 
    "phone_number" : "081222811134", 
    "otp" : "164235", 
    "valid_until" : ISODate("2020-12-19T10:47:53.898+0000"), 
    "created_at" : ISODate("2020-12-19T10:42:53.898+0000"), 
    "__v" : NumberInt(0)
}
{ 
    "_id" : ObjectId("5fddd952f5c78f9a66177015"), 
    "otp_try" : "0", 
    "verification_status" : "N", 
    "phone_number" : "081222811134", 
    "otp" : "082973", 
    "valid_until" : ISODate("2020-12-19T10:48:30.355+0000"), 
    "created_at" : ISODate("2020-12-19T10:43:30.356+0000"), 
    "__v" : NumberInt(0)
}
{ 
    "_id" : ObjectId("5fddd954f5c78f9a66177016"), 
    "otp_try" : "0", 
    "verification_status" : "N", 
    "phone_number" : "081222811134", 
    "otp" : "297220", 
    "valid_until" : ISODate("2020-12-19T10:48:32.179+0000"), 
    "created_at" : ISODate("2020-12-19T10:43:32.179+0000"), 
    "__v" : NumberInt(0)
}
{ 
    "_id" : ObjectId("5fddda7df5c78f9a66177017"), 
    "otp_try" : "0", 
    "verification_status" : "N", 
    "phone_number" : "081222811123", 
    "otp" : "036600", 
    "valid_until" : ISODate("2020-12-19T10:53:29.833+0000"), 
    "created_at" : ISODate("2020-12-19T10:48:29.833+0000"), 
    "__v" : NumberInt(0)
}
{ 
    "_id" : ObjectId("5fdddbb1f5c78f9a66177018"), 
    "otp_try" : "0", 
    "verification_status" : "N", 
    "phone_number" : "081222811123", 
    "otp" : "608490", 
    "valid_until" : ISODate("2020-12-19T10:58:37.402+0000"), 
    "created_at" : ISODate("2020-12-19T10:53:37.406+0000"), 
    "__v" : NumberInt(0)
}
{ 
    "_id" : ObjectId("5fdddbb2f5c78f9a66177019"), 
    "otp_try" : "0", 
    "verification_status" : "N", 
    "phone_number" : "081222811123", 
    "otp" : "525207", 
    "valid_until" : ISODate("2020-12-19T10:58:38.781+0000"), 
    "created_at" : ISODate("2020-12-19T10:53:38.782+0000"), 
    "__v" : NumberInt(0)
}
{ 
    "_id" : ObjectId("5fdddbb4f5c78f9a6617701a"), 
    "otp_try" : "0", 
    "verification_status" : "N", 
    "phone_number" : "081222811123", 
    "otp" : "010636", 
    "valid_until" : ISODate("2020-12-19T10:58:40.342+0000"), 
    "created_at" : ISODate("2020-12-19T10:53:40.342+0000"), 
    "__v" : NumberInt(0)
}
{ 
    "_id" : ObjectId("5fdddbb5f5c78f9a6617701b"), 
    "otp_try" : "0", 
    "verification_status" : "N", 
    "phone_number" : "081222811123", 
    "otp" : "839762", 
    "valid_until" : ISODate("2020-12-19T10:58:41.255+0000"), 
    "created_at" : ISODate("2020-12-19T10:53:41.255+0000"), 
    "__v" : NumberInt(0)
}
{ 
    "_id" : ObjectId("5fdddbb6f5c78f9a6617701c"), 
    "otp_try" : "0", 
    "verification_status" : "N", 
    "phone_number" : "081222811123", 
    "otp" : "743640", 
    "valid_until" : ISODate("2020-12-19T10:58:42.067+0000"), 
    "created_at" : ISODate("2020-12-19T10:53:42.068+0000"), 
    "__v" : NumberInt(0)
}
{ 
    "_id" : ObjectId("5fdddbb6f5c78f9a6617701d"), 
    "otp_try" : "0", 
    "verification_status" : "N", 
    "phone_number" : "081222811123", 
    "otp" : "030447", 
    "valid_until" : ISODate("2020-12-19T10:58:42.794+0000"), 
    "created_at" : ISODate("2020-12-19T10:53:42.794+0000"), 
    "__v" : NumberInt(0)
}
{ 
    "_id" : ObjectId("5fdddff1132220efb302657c"), 
    "otp_try" : "0", 
    "verification_status" : "N", 
    "phone_number" : "081222811156", 
    "otp" : "704840", 
    "valid_until" : ISODate("2020-12-19T11:16:45.909+0000"), 
    "created_at" : ISODate("2020-12-19T11:11:45.910+0000"), 
    "__v" : NumberInt(0)
}
{ 
    "_id" : ObjectId("5fdddff4132220efb302657d"), 
    "otp_try" : "0", 
    "verification_status" : "N", 
    "phone_number" : "081222811156", 
    "otp" : "364076", 
    "valid_until" : ISODate("2020-12-19T11:16:48.171+0000"), 
    "created_at" : ISODate("2020-12-19T11:11:48.171+0000"), 
    "__v" : NumberInt(0)
}
{ 
    "_id" : ObjectId("5fdddff8132220efb302657e"), 
    "otp_try" : "0", 
    "verification_status" : "N", 
    "phone_number" : "081222811189", 
    "otp" : "781190", 
    "valid_until" : ISODate("2020-12-19T11:16:52.309+0000"), 
    "created_at" : ISODate("2020-12-19T11:11:52.309+0000"), 
    "__v" : NumberInt(0)
}
{ 
    "_id" : ObjectId("5fddec33b568a115fd8b2731"), 
    "otp_try" : "0", 
    "verification_status" : "N", 
    "phone_number" : "081222811189", 
    "otp" : "800360", 
    "valid_until" : ISODate("2020-12-19T12:09:03.554+0000"), 
    "created_at" : ISODate("2020-12-19T12:04:03.558+0000"), 
    "__v" : NumberInt(0)
}
{ 
    "_id" : ObjectId("5fddec39b568a115fd8b2732"), 
    "otp_try" : "0", 
    "verification_status" : "N", 
    "phone_number" : "0812228111w", 
    "otp" : "960003", 
    "valid_until" : ISODate("2020-12-19T12:09:09.673+0000"), 
    "created_at" : ISODate("2020-12-19T12:04:09.673+0000"), 
    "__v" : NumberInt(0)
}
{ 
    "_id" : ObjectId("5fddecba5d3c2d18000c1e32"), 
    "otp_try" : "0", 
    "verification_status" : "N", 
    "phone_number" : "081222811136", 
    "otp" : "100809", 
    "valid_until" : ISODate("2020-12-19T12:11:18.282+0000"), 
    "created_at" : ISODate("2020-12-19T12:06:18.285+0000"), 
    "__v" : NumberInt(0)
}
{ 
    "_id" : ObjectId("5fddecbf5d3c2d18000c1e33"), 
    "otp_try" : "0", 
    "verification_status" : "N", 
    "phone_number" : "0812228111df", 
    "otp" : "000004", 
    "valid_until" : ISODate("2020-12-19T12:11:23.290+0000"), 
    "created_at" : ISODate("2020-12-19T12:06:23.290+0000"), 
    "__v" : NumberInt(0)
}
{ 
    "_id" : ObjectId("5fde05ce7264c8672d64309f"), 
    "otp_try" : "0", 
    "verification_status" : "N", 
    "phone_number" : "081222811129", 
    "otp" : "450223", 
    "valid_until" : ISODate("2020-12-19T13:58:18.419+0000"), 
    "created_at" : ISODate("2020-12-19T13:53:18.420+0000"), 
    "__v" : NumberInt(0)
}
{ 
    "_id" : ObjectId("5fde09cf418540744e43c3ac"), 
    "otp_try" : "4", 
    "verification_status" : "N", 
    "phone_number" : "081222811129", 
    "otp" : "744933", 
    "valid_until" : ISODate("2020-12-19T14:15:23.975+0000"), 
    "created_at" : ISODate("2020-12-19T14:10:23.977+0000"), 
    "__v" : NumberInt(0)
}
{ 
    "_id" : ObjectId("5fde0bde4012487ad920580d"), 
    "otp_try" : "2", 
    "verification_status" : "N", 
    "phone_number" : "081222811129", 
    "otp" : "779965", 
    "valid_until" : ISODate("2020-12-19T14:24:10.548+0000"), 
    "created_at" : ISODate("2020-12-19T14:19:10.550+0000"), 
    "__v" : NumberInt(0)
}
{ 
    "_id" : ObjectId("5fde0efd79c2d784d5aa8539"), 
    "otp_try" : "0", 
    "verification_status" : "N", 
    "phone_number" : "081222811129", 
    "otp" : "719963", 
    "valid_until" : ISODate("2020-12-19T14:37:29.117+0000"), 
    "created_at" : ISODate("2020-12-19T14:32:29.120+0000"), 
    "__v" : NumberInt(0)
}
{ 
    "_id" : ObjectId("5fde2e08016b2e2e3203868e"), 
    "otp_try" : "0", 
    "verification_status" : "N", 
    "phone_number" : "085353444497", 
    "otp" : "438321", 
    "valid_until" : ISODate("2020-12-19T16:49:56.705+0000"), 
    "created_at" : ISODate("2020-12-19T16:44:56.709+0000"), 
    "__v" : NumberInt(0)
}
{ 
    "_id" : ObjectId("5fdefe3f22d6db0afec2e28c"), 
    "otp_try" : "0", 
    "verification_status" : "N", 
    "phone_number" : "085353444497", 
    "otp" : "801569", 
    "valid_until" : ISODate("2020-12-20T07:38:19.948+0000"), 
    "created_at" : ISODate("2020-12-20T07:33:19.951+0000"), 
    "__v" : NumberInt(0)
}
{ 
    "_id" : ObjectId("5fdf6099be55521534547a0c"), 
    "otp_try" : "0", 
    "verification_status" : "N", 
    "phone_number" : "085353444434", 
    "otp" : "806701", 
    "valid_until" : ISODate("2020-12-20T14:37:57.307+0000"), 
    "created_at" : ISODate("2020-12-20T14:32:57.314+0000"), 
    "__v" : NumberInt(0)
}
{ 
    "_id" : ObjectId("5fdf61a0be55521534547a0d"), 
    "otp_try" : "0", 
    "verification_status" : "N", 
    "phone_number" : "085353444490", 
    "otp" : "417258", 
    "valid_until" : ISODate("2020-12-20T14:42:20.912+0000"), 
    "created_at" : ISODate("2020-12-20T14:37:20.913+0000"), 
    "__v" : NumberInt(0)
}
{ 
    "_id" : ObjectId("5fdf61e4be55521534547a0e"), 
    "otp_try" : "0", 
    "verification_status" : "N", 
    "phone_number" : "085353444490", 
    "otp" : "616036", 
    "valid_until" : ISODate("2020-12-20T14:43:28.406+0000"), 
    "created_at" : ISODate("2020-12-20T14:38:28.408+0000"), 
    "__v" : NumberInt(0)
}
{ 
    "_id" : ObjectId("5fdf61eebe55521534547a0f"), 
    "otp_try" : "0", 
    "verification_status" : "N", 
    "phone_number" : "085353444490", 
    "otp" : "830230", 
    "valid_until" : ISODate("2020-12-20T14:43:38.626+0000"), 
    "created_at" : ISODate("2020-12-20T14:38:38.626+0000"), 
    "__v" : NumberInt(0)
}
{ 
    "_id" : ObjectId("5fdf62d5f42a9a15a97168d8"), 
    "otp_try" : "0", 
    "verification_status" : "N", 
    "phone_number" : "085353444495", 
    "otp" : "905778", 
    "valid_until" : ISODate("2020-12-20T14:47:29.577+0000"), 
    "created_at" : ISODate("2020-12-20T14:42:29.579+0000"), 
    "__v" : NumberInt(0)
}
{ 
    "_id" : ObjectId("5fdf642ae196f815c2c25c49"), 
    "otp_try" : "0", 
    "verification_status" : "N", 
    "phone_number" : "08535344476", 
    "otp" : "653100", 
    "valid_until" : ISODate("2020-12-20T14:53:10.241+0000"), 
    "created_at" : ISODate("2020-12-20T14:48:10.246+0000"), 
    "__v" : NumberInt(0)
}
{ 
    "_id" : ObjectId("5fdf6571e196f815c2c25c4a"), 
    "otp_try" : "0", 
    "verification_status" : "N", 
    "phone_number" : "08535344476", 
    "otp" : "004928", 
    "valid_until" : ISODate("2020-12-20T14:58:37.325+0000"), 
    "created_at" : ISODate("2020-12-20T14:53:37.326+0000"), 
    "__v" : NumberInt(0)
}
{ 
    "_id" : ObjectId("5fdf6e8fe196f815c2c25c4c"), 
    "otp_try" : "0", 
    "verification_status" : "N", 
    "phone_number" : "08535344479", 
    "otp" : "156763", 
    "valid_until" : ISODate("2020-12-20T15:37:31.258+0000"), 
    "created_at" : ISODate("2020-12-20T15:32:31.258+0000"), 
    "__v" : NumberInt(0)
}
{ 
    "_id" : ObjectId("5fdf6ed0e196f815c2c25c4d"), 
    "otp_try" : "0", 
    "verification_status" : "N", 
    "phone_number" : "08535344479", 
    "otp" : "480808", 
    "valid_until" : ISODate("2020-12-20T15:38:36.136+0000"), 
    "created_at" : ISODate("2020-12-20T15:33:36.137+0000"), 
    "__v" : NumberInt(0)
}
{ 
    "_id" : ObjectId("5fdf6f20e196f815c2c25c4e"), 
    "otp_try" : "0", 
    "verification_status" : "N", 
    "phone_number" : "08535344479", 
    "otp" : "012144", 
    "valid_until" : ISODate("2020-12-20T15:39:56.283+0000"), 
    "created_at" : ISODate("2020-12-20T15:34:56.284+0000"), 
    "__v" : NumberInt(0)
}
{ 
    "_id" : ObjectId("5fdf754ee196f815c2c25c4f"), 
    "otp_try" : "0", 
    "verification_status" : "N", 
    "phone_number" : "08535344479", 
    "otp" : "015360", 
    "valid_until" : ISODate("2020-12-20T16:06:18.874+0000"), 
    "created_at" : ISODate("2020-12-20T16:01:18.876+0000"), 
    "__v" : NumberInt(0)
}
{ 
    "_id" : ObjectId("5fdf76dfe196f815c2c25c50"), 
    "otp_try" : "0", 
    "verification_status" : "N", 
    "phone_number" : "08535344479", 
    "otp" : "641960", 
    "valid_until" : ISODate("2020-12-20T16:12:59.562+0000"), 
    "created_at" : ISODate("2020-12-20T16:07:59.563+0000"), 
    "__v" : NumberInt(0)
}
{ 
    "_id" : ObjectId("5fdf7880fd5ef9444c63ca85"), 
    "otp_try" : "0", 
    "verification_status" : "Y", 
    "phone_number" : "08535344471", 
    "otp" : "900530", 
    "valid_until" : ISODate("2020-12-20T16:19:56.315+0000"), 
    "created_at" : ISODate("2020-12-20T16:14:56.316+0000"), 
    "__v" : NumberInt(0)
}
{ 
    "_id" : ObjectId("5fdf8b13fd5ef9444c63ca87"), 
    "otp_try" : "0", 
    "verification_status" : "N", 
    "phone_number" : "08535344423", 
    "otp" : "817403", 
    "valid_until" : ISODate("2020-12-20T17:39:11.236+0000"), 
    "created_at" : ISODate("2020-12-20T17:34:11.246+0000"), 
    "__v" : NumberInt(0)
}
{ 
    "_id" : ObjectId("5fdf93cdfd5ef9444c63ca88"), 
    "otp_try" : "0", 
    "verification_status" : "N", 
    "phone_number" : "085353444445", 
    "otp" : "784356", 
    "valid_until" : ISODate("2020-12-20T18:16:25.846+0000"), 
    "created_at" : ISODate("2020-12-20T18:11:25.847+0000"), 
    "__v" : NumberInt(0)
}
{ 
    "_id" : ObjectId("5fdf99effd5ef9444c63ca89"), 
    "otp_try" : "0", 
    "verification_status" : "N", 
    "phone_number" : "085353444487", 
    "otp" : "670500", 
    "valid_until" : ISODate("2020-12-20T18:42:35.758+0000"), 
    "created_at" : ISODate("2020-12-20T18:37:35.766+0000"), 
    "__v" : NumberInt(0)
}
{ 
    "_id" : ObjectId("5fdf9c67fd5ef9444c63ca8a"), 
    "otp_try" : "0", 
    "verification_status" : "N", 
    "phone_number" : "081222822230", 
    "otp" : "748703", 
    "valid_until" : ISODate("2020-12-20T18:53:07.489+0000"), 
    "created_at" : ISODate("2020-12-20T18:48:07.492+0000"), 
    "__v" : NumberInt(0)
}
{ 
    "_id" : ObjectId("5fdf9cc4fd5ef9444c63ca8b"), 
    "otp_try" : "0", 
    "verification_status" : "N", 
    "phone_number" : "085353444490", 
    "otp" : "693733", 
    "valid_until" : ISODate("2020-12-20T18:54:40.149+0000"), 
    "created_at" : ISODate("2020-12-20T18:49:40.152+0000"), 
    "__v" : NumberInt(0)
}
{ 
    "_id" : ObjectId("5fdf9cddfd5ef9444c63ca8c"), 
    "otp_try" : "0", 
    "verification_status" : "N", 
    "phone_number" : "085353444490", 
    "otp" : "100801", 
    "valid_until" : ISODate("2020-12-20T18:55:05.407+0000"), 
    "created_at" : ISODate("2020-12-20T18:50:05.407+0000"), 
    "__v" : NumberInt(0)
}
{ 
    "_id" : ObjectId("5fdf9cdefd5ef9444c63ca8d"), 
    "otp_try" : "0", 
    "verification_status" : "N", 
    "phone_number" : "085353444490", 
    "otp" : "737840", 
    "valid_until" : ISODate("2020-12-20T18:55:06.878+0000"), 
    "created_at" : ISODate("2020-12-20T18:50:06.878+0000"), 
    "__v" : NumberInt(0)
}
{ 
    "_id" : ObjectId("5fe012bafd5ef9444c63ca8e"), 
    "otp_try" : "0", 
    "verification_status" : "N", 
    "phone_number" : "085353444490", 
    "otp" : "092504", 
    "valid_until" : ISODate("2020-12-21T03:17:58.391+0000"), 
    "created_at" : ISODate("2020-12-21T03:12:58.397+0000"), 
    "__v" : NumberInt(0)
}
{ 
    "_id" : ObjectId("5fe01961fd5ef9444c63ca8f"), 
    "otp_try" : "0", 
    "verification_status" : "N", 
    "phone_number" : "085353444490", 
    "otp" : "008646", 
    "valid_until" : ISODate("2020-12-21T03:46:21.986+0000"), 
    "created_at" : ISODate("2020-12-21T03:41:21.990+0000"), 
    "__v" : NumberInt(0)
}
{ 
    "_id" : ObjectId("5fe01ad0fd5ef9444c63ca90"), 
    "otp_try" : "0", 
    "verification_status" : "N", 
    "phone_number" : "085353444490", 
    "otp" : "957293", 
    "valid_until" : ISODate("2020-12-21T03:52:28.897+0000"), 
    "created_at" : ISODate("2020-12-21T03:47:28.902+0000"), 
    "__v" : NumberInt(0)
}
{ 
    "_id" : ObjectId("5fe01b34fd5ef9444c63ca91"), 
    "otp_try" : "0", 
    "verification_status" : "N", 
    "phone_number" : "085353444490", 
    "otp" : "785214", 
    "valid_until" : ISODate("2020-12-21T03:54:08.956+0000"), 
    "created_at" : ISODate("2020-12-21T03:49:08.957+0000"), 
    "__v" : NumberInt(0)
}
{ 
    "_id" : ObjectId("5fe020adfd5ef9444c63ca92"), 
    "otp_try" : "0", 
    "verification_status" : "N", 
    "phone_number" : "085353444490", 
    "otp" : "462108", 
    "valid_until" : ISODate("2020-12-21T04:17:29.802+0000"), 
    "created_at" : ISODate("2020-12-21T04:12:29.808+0000"), 
    "__v" : NumberInt(0)
}
{ 
    "_id" : ObjectId("5fe02119fd5ef9444c63ca93"), 
    "otp_try" : "0", 
    "verification_status" : "N", 
    "phone_number" : "085353444490", 
    "otp" : "303215", 
    "valid_until" : ISODate("2020-12-21T04:19:17.559+0000"), 
    "created_at" : ISODate("2020-12-21T04:14:17.563+0000"), 
    "__v" : NumberInt(0)
}
{ 
    "_id" : ObjectId("5fe02159fd5ef9444c63ca94"), 
    "otp_try" : "0", 
    "verification_status" : "N", 
    "phone_number" : "085353444490", 
    "otp" : "922004", 
    "valid_until" : ISODate("2020-12-21T04:20:21.939+0000"), 
    "created_at" : ISODate("2020-12-21T04:15:21.939+0000"), 
    "__v" : NumberInt(0)
}
{ 
    "_id" : ObjectId("5fe021c0fd5ef9444c63ca95"), 
    "otp_try" : "0", 
    "verification_status" : "N", 
    "phone_number" : "085353444490", 
    "otp" : "303013", 
    "valid_until" : ISODate("2020-12-21T04:22:04.583+0000"), 
    "created_at" : ISODate("2020-12-21T04:17:04.583+0000"), 
    "__v" : NumberInt(0)
}
{ 
    "_id" : ObjectId("5fe02493fd5ef9444c63ca96"), 
    "otp_try" : "0", 
    "verification_status" : "N", 
    "phone_number" : "085353444490", 
    "otp" : "087657", 
    "valid_until" : ISODate("2020-12-21T04:34:07.197+0000"), 
    "created_at" : ISODate("2020-12-21T04:29:07.200+0000"), 
    "__v" : NumberInt(0)
}
{ 
    "_id" : ObjectId("5fe02626fd5ef9444c63ca97"), 
    "otp_try" : "0", 
    "verification_status" : "N", 
    "phone_number" : "085353444490", 
    "otp" : "790267", 
    "valid_until" : ISODate("2020-12-21T04:40:50.533+0000"), 
    "created_at" : ISODate("2020-12-21T04:35:50.537+0000"), 
    "__v" : NumberInt(0)
}
{ 
    "_id" : ObjectId("5fe0266cfd5ef9444c63ca98"), 
    "otp_try" : "0", 
    "verification_status" : "N", 
    "phone_number" : "085353444490", 
    "otp" : "600983", 
    "valid_until" : ISODate("2020-12-21T04:42:00.071+0000"), 
    "created_at" : ISODate("2020-12-21T04:37:00.072+0000"), 
    "__v" : NumberInt(0)
}
{ 
    "_id" : ObjectId("5fe026a9fd5ef9444c63ca99"), 
    "otp_try" : "1", 
    "verification_status" : "Y", 
    "phone_number" : "085353444490", 
    "otp" : "657381", 
    "valid_until" : ISODate("2020-12-21T04:43:01.148+0000"), 
    "created_at" : ISODate("2020-12-21T04:38:01.149+0000"), 
    "__v" : NumberInt(0)
}
{ 
    "_id" : ObjectId("5fe02765fd5ef9444c63ca9b"), 
    "otp_try" : "0", 
    "verification_status" : "N", 
    "phone_number" : "085353444491", 
    "otp" : "225504", 
    "valid_until" : ISODate("2020-12-21T04:46:09.463+0000"), 
    "created_at" : ISODate("2020-12-21T04:41:09.480+0000"), 
    "__v" : NumberInt(0)
}
{ 
    "_id" : ObjectId("5fe027bbfd5ef9444c63ca9c"), 
    "otp_try" : "0", 
    "verification_status" : "N", 
    "phone_number" : "085353444491", 
    "otp" : "496067", 
    "valid_until" : ISODate("2020-12-21T04:47:35.843+0000"), 
    "created_at" : ISODate("2020-12-21T04:42:35.844+0000"), 
    "__v" : NumberInt(0)
}
{ 
    "_id" : ObjectId("5fe0282afd5ef9444c63ca9d"), 
    "otp_try" : "0", 
    "verification_status" : "N", 
    "phone_number" : "085353444491", 
    "otp" : "023592", 
    "valid_until" : ISODate("2020-12-21T04:49:26.100+0000"), 
    "created_at" : ISODate("2020-12-21T04:44:26.101+0000"), 
    "__v" : NumberInt(0)
}
{ 
    "_id" : ObjectId("5fe02952fd5ef9444c63ca9e"), 
    "otp_try" : "0", 
    "verification_status" : "N", 
    "phone_number" : "085353444491", 
    "otp" : "801701", 
    "valid_until" : ISODate("2020-12-21T04:54:22.060+0000"), 
    "created_at" : ISODate("2020-12-21T04:49:22.063+0000"), 
    "__v" : NumberInt(0)
}
{ 
    "_id" : ObjectId("5fe02984fd5ef9444c63ca9f"), 
    "otp_try" : "1", 
    "verification_status" : "Y", 
    "phone_number" : "085353444491", 
    "otp" : "840092", 
    "valid_until" : ISODate("2020-12-21T04:55:12.139+0000"), 
    "created_at" : ISODate("2020-12-21T04:50:12.140+0000"), 
    "__v" : NumberInt(0)
}
{ 
    "_id" : ObjectId("5fe03476fd5ef9444c63caa1"), 
    "otp_try" : "0", 
    "verification_status" : "Y", 
    "phone_number" : "085353444492", 
    "otp" : "787256", 
    "valid_until" : ISODate("2020-12-21T05:41:54.832+0000"), 
    "created_at" : ISODate("2020-12-21T05:36:54.833+0000"), 
    "__v" : NumberInt(0)
}
{ 
    "_id" : ObjectId("5fe0365823b55b76d6e692ba"), 
    "otp_try" : "0", 
    "verification_status" : "Y", 
    "phone_number" : "085353444493", 
    "otp" : "801063", 
    "valid_until" : ISODate("2020-12-21T05:49:56.050+0000"), 
    "created_at" : ISODate("2020-12-21T05:44:56.054+0000"), 
    "__v" : NumberInt(0)
}
{ 
    "_id" : ObjectId("5fe0367523b55b76d6e692bb"), 
    "otp_try" : "0", 
    "verification_status" : "N", 
    "phone_number" : "085353444493", 
    "otp" : "250039", 
    "valid_until" : ISODate("2020-12-21T05:50:25.475+0000"), 
    "created_at" : ISODate("2020-12-21T05:45:25.475+0000"), 
    "__v" : NumberInt(0)
}
{ 
    "_id" : ObjectId("5fe03ee523b55b76d6e692bc"), 
    "otp_try" : "0", 
    "verification_status" : "Y", 
    "phone_number" : "085353444494", 
    "otp" : "145671", 
    "valid_until" : ISODate("2020-12-21T06:26:25.716+0000"), 
    "created_at" : ISODate("2020-12-21T06:21:25.721+0000"), 
    "__v" : NumberInt(0)
}
{ 
    "_id" : ObjectId("5fe03f1723b55b76d6e692bd"), 
    "otp_try" : "0", 
    "verification_status" : "Y", 
    "phone_number" : "085353444494", 
    "otp" : "856789", 
    "valid_until" : ISODate("2020-12-21T06:27:15.698+0000"), 
    "created_at" : ISODate("2020-12-21T06:22:15.701+0000"), 
    "__v" : NumberInt(0)
}
{ 
    "_id" : ObjectId("5fe03f5723b55b76d6e692be"), 
    "otp_try" : "0", 
    "verification_status" : "Y", 
    "phone_number" : "085353444494", 
    "otp" : "700263", 
    "valid_until" : ISODate("2020-12-21T06:28:19.786+0000"), 
    "created_at" : ISODate("2020-12-21T06:23:19.786+0000"), 
    "__v" : NumberInt(0)
}
{ 
    "_id" : ObjectId("5fe03fc823b55b76d6e692bf"), 
    "otp_try" : "0", 
    "verification_status" : "Y", 
    "phone_number" : "085353444494", 
    "otp" : "810303", 
    "valid_until" : ISODate("2020-12-21T06:30:12.610+0000"), 
    "created_at" : ISODate("2020-12-21T06:25:12.614+0000"), 
    "__v" : NumberInt(0)
}
{ 
    "_id" : ObjectId("5fe040a423b55b76d6e692c0"), 
    "otp_try" : "0", 
    "verification_status" : "Y", 
    "phone_number" : "085353444494", 
    "otp" : "602078", 
    "valid_until" : ISODate("2020-12-21T06:33:52.502+0000"), 
    "created_at" : ISODate("2020-12-21T06:28:52.502+0000"), 
    "__v" : NumberInt(0)
}
{ 
    "_id" : ObjectId("5fe040ba23b55b76d6e692c1"), 
    "otp_try" : "0", 
    "verification_status" : "Y", 
    "phone_number" : "085353444494", 
    "otp" : "010252", 
    "valid_until" : ISODate("2020-12-21T06:34:14.648+0000"), 
    "created_at" : ISODate("2020-12-21T06:29:14.649+0000"), 
    "__v" : NumberInt(0)
}
{ 
    "_id" : ObjectId("5fe041b623b55b76d6e692c2"), 
    "otp_try" : "0", 
    "verification_status" : "Y", 
    "phone_number" : "085353444494", 
    "otp" : "870366", 
    "valid_until" : ISODate("2020-12-21T06:38:26.855+0000"), 
    "created_at" : ISODate("2020-12-21T06:33:26.858+0000"), 
    "__v" : NumberInt(0)
}
{ 
    "_id" : ObjectId("5fe0421123b55b76d6e692c3"), 
    "otp_try" : "0", 
    "verification_status" : "Y", 
    "phone_number" : "085353444494", 
    "otp" : "988904", 
    "valid_until" : ISODate("2020-12-21T06:39:57.568+0000"), 
    "created_at" : ISODate("2020-12-21T06:34:57.568+0000"), 
    "__v" : NumberInt(0)
}
{ 
    "_id" : ObjectId("5fe0438623b55b76d6e692c4"), 
    "otp_try" : "0", 
    "verification_status" : "Y", 
    "phone_number" : "085353444494", 
    "otp" : "181153", 
    "valid_until" : ISODate("2020-12-21T06:46:10.971+0000"), 
    "created_at" : ISODate("2020-12-21T06:41:10.975+0000"), 
    "__v" : NumberInt(0)
}
{ 
    "_id" : ObjectId("5fe0443d23b55b76d6e692c5"), 
    "otp_try" : "0", 
    "verification_status" : "Y", 
    "phone_number" : "085353444494", 
    "otp" : "668321", 
    "valid_until" : ISODate("2020-12-21T06:49:13.446+0000"), 
    "created_at" : ISODate("2020-12-21T06:44:13.447+0000"), 
    "__v" : NumberInt(0)
}
{ 
    "_id" : ObjectId("5fe0446823b55b76d6e692c6"), 
    "otp_try" : "0", 
    "verification_status" : "Y", 
    "phone_number" : "085353444494", 
    "otp" : "285044", 
    "valid_until" : ISODate("2020-12-21T06:49:56.442+0000"), 
    "created_at" : ISODate("2020-12-21T06:44:56.442+0000"), 
    "__v" : NumberInt(0)
}
{ 
    "_id" : ObjectId("5fe0451923b55b76d6e692c7"), 
    "otp_try" : "0", 
    "verification_status" : "Y", 
    "phone_number" : "085353444494", 
    "otp" : "010949", 
    "valid_until" : ISODate("2020-12-21T06:52:53.373+0000"), 
    "created_at" : ISODate("2020-12-21T06:47:53.377+0000"), 
    "__v" : NumberInt(0)
}
{ 
    "_id" : ObjectId("5fe0482f23b55b76d6e692c8"), 
    "otp_try" : "0", 
    "verification_status" : "Y", 
    "phone_number" : "085353444494", 
    "otp" : "038837", 
    "valid_until" : ISODate("2020-12-21T07:06:03.560+0000"), 
    "created_at" : ISODate("2020-12-21T07:01:03.564+0000"), 
    "__v" : NumberInt(0)
}
{ 
    "_id" : ObjectId("5fe0489f23b55b76d6e692c9"), 
    "otp_try" : "0", 
    "verification_status" : "Y", 
    "phone_number" : "085353444494", 
    "otp" : "442273", 
    "valid_until" : ISODate("2020-12-21T07:07:55.447+0000"), 
    "created_at" : ISODate("2020-12-21T07:02:55.452+0000"), 
    "__v" : NumberInt(0)
}
{ 
    "_id" : ObjectId("5fe049f823b55b76d6e692cb"), 
    "otp_try" : "0", 
    "verification_status" : "Y", 
    "phone_number" : "085353444495", 
    "otp" : "415587", 
    "valid_until" : ISODate("2020-12-21T07:13:40.266+0000"), 
    "created_at" : ISODate("2020-12-21T07:08:40.266+0000"), 
    "__v" : NumberInt(0)
}
{ 
    "_id" : ObjectId("5fe04b4023b55b76d6e692cd"), 
    "otp_try" : "0", 
    "verification_status" : "N", 
    "phone_number" : "085353444496", 
    "otp" : "605828", 
    "valid_until" : ISODate("2020-12-21T07:19:08.849+0000"), 
    "created_at" : ISODate("2020-12-21T07:14:08.853+0000"), 
    "__v" : NumberInt(0)
}
{ 
    "_id" : ObjectId("5fe04bd723b55b76d6e692ce"), 
    "otp_try" : "0", 
    "verification_status" : "Y", 
    "phone_number" : "085353444496", 
    "otp" : "550456", 
    "valid_until" : ISODate("2020-12-21T07:21:39.535+0000"), 
    "created_at" : ISODate("2020-12-21T07:16:39.538+0000"), 
    "__v" : NumberInt(0)
}
{ 
    "_id" : ObjectId("5fe057b723b55b76d6e692d0"), 
    "otp_try" : "0", 
    "verification_status" : "Y", 
    "phone_number" : "085353444498", 
    "otp" : "400311", 
    "valid_until" : ISODate("2020-12-21T08:12:19.142+0000"), 
    "created_at" : ISODate("2020-12-21T08:07:19.148+0000"), 
    "__v" : NumberInt(0)
}
{ 
    "_id" : ObjectId("5fe1907a6be427133072ca91"), 
    "otp_try" : NumberInt(0), 
    "verification_status" : "N", 
    "phone_number" : "085353444499", 
    "otp" : "009580", 
    "valid_until" : ISODate("2020-12-22T06:26:46.972+0000"), 
    "created_at" : ISODate("2020-12-22T06:21:46.978+0000"), 
    "__v" : NumberInt(0)
}
{ 
    "_id" : ObjectId("5fe1918229683115e6dba5bb"), 
    "otp_try" : NumberInt(3), 
    "verification_status" : "N", 
    "phone_number" : "085353444499", 
    "otp" : "302908", 
    "valid_until" : ISODate("2020-12-22T06:31:10.600+0000"), 
    "created_at" : ISODate("2020-12-22T06:26:10.603+0000"), 
    "__v" : NumberInt(0)
}
{ 
    "_id" : ObjectId("5fe2406cc6aad77f09a60a83"), 
    "otp_try" : NumberInt(0), 
    "verification_status" : "Y", 
    "phone_number" : "085353444400", 
    "otp" : "072346", 
    "valid_until" : ISODate("2020-12-22T18:57:28.518+0000"), 
    "created_at" : ISODate("2020-12-22T18:52:28.522+0000"), 
    "__v" : NumberInt(0)
}
