{ 
    "_id" : ObjectId("5fdccb897a43485bea3069dc"), 
    "regis_data_status" : {
        "ekyc" : "N", 
        "personal" : "N", 
        "relative" : "N", 
        "work" : "N"
    }, 
    "application_status" : "NOT_YET", 
    "username" : "081222811120", 
    "created_at" : ISODate("2020-12-18T15:32:25.437+0000"), 
    "updated_at" : ISODate("2020-12-18T15:32:25.437+0000"), 
    "__v" : NumberInt(0)
}
{ 
    "_id" : ObjectId("5fde0f0779c2d784d5aa853a"), 
    "application_status" : "NOT_YET", 
    "username" : "081222811129", 
    "created_at" : ISODate("2020-12-19T14:32:39.936+0000"), 
    "updated_at" : ISODate("2020-12-19T14:32:39.936+0000"), 
    "__v" : NumberInt(0)
}
{ 
    "_id" : ObjectId("5fdefe4b22d6db0afec2e28d"), 
    "regis_data_status" : {
        "ektp" : "Y", 
        "personal" : "Y", 
        "relative" : "Y", 
        "work" : "Y", 
        "ekyc" : "N"
    }, 
    "application_status" : "APPLICATION_SUCCESS", 
    "username" : "085353444497", 
    "created_at" : ISODate("2020-12-20T07:33:31.328+0000"), 
    "updated_at" : ISODate("2020-12-20T07:33:31.328+0000"), 
    "__v" : NumberInt(0), 
    "auth" : {
        "pin" : "U2FsdGVkX18ptf6K5F/2DxOxIz9dUwj+L8MIMDTYxfE="
    }, 
    "personal" : {
        "no_ktp" : "3278062707970013", 
        "email" : "rezafd23@gmail.com", 
        "education" : "S1", 
        "address" : "wisma asri 1", 
        "province" : "DKI Jakarta", 
        "city" : "Jakarta Selatan", 
        "district" : "Mampang Prapatan", 
        "sub_district" : "Mampang Prapatan", 
        "rt" : "10", 
        "rw" : "10", 
        "living_status" : "Milik Sendiri", 
        "created_at" : ISODate("2020-12-21T19:09:53.538+0000")
    }, 
    "relative" : {
        "mother_name" : "Nely S", 
        "relevan_name" : "Reza", 
        "relationship" : "Adik", 
        "no_hp_relevan" : "081222811137", 
        "relevan_address" : "DKI Jakarta", 
        "created_at" : ISODate("2020-12-20T08:56:39.561+0000")
    }, 
    "work" : {
        "npwp" : "2312312313212", 
        "income_src" : "Gaji", 
        "income" : "20000000", 
        "work_type" : "Professional", 
        "work_office" : "BTPS", 
        "work_status" : "Permanent", 
        "created_at" : ISODate("2020-12-20T09:04:34.669+0000")
    }, 
    "ektp_file" : {
        "path" : "/Users/test/PhpstormProjects/mbtps-backend-api/public/uploads/ektp-1608649783323.png"
    }, 
    "status_history" : [
        {
            "from" : "IN_PROGGRESS", 
            "to" : "APPLICATION_SUCCESS", 
            "created_at" : ISODate("2020-12-22T18:48:56.996+0000")
        }, 
        {
            "from" : "IN_PROGGRESS", 
            "to" : "APPLICATION_SUCCESS", 
            "created_at" : ISODate("2020-12-22T18:50:12.326+0000")
        }
    ]
}
{ 
    "_id" : ObjectId("5fdf65f3e196f815c2c25c4b"), 
    "regis_data_status" : {
        "personal" : "N", 
        "relative" : "N", 
        "work" : "N", 
        "ektp" : "N", 
        "ekyc" : "N"
    }, 
    "application_status" : "NOT_YET", 
    "username" : "08535344476", 
    "created_at" : ISODate("2020-12-20T14:55:47.792+0000"), 
    "updated_at" : ISODate("2020-12-20T14:55:47.792+0000"), 
    "__v" : NumberInt(0)
}
{ 
    "_id" : ObjectId("5fdf7743e196f815c2c25c51"), 
    "regis_data_status" : {
        "personal" : "N", 
        "relative" : "N", 
        "work" : "N", 
        "ektp" : "N", 
        "ekyc" : "N"
    }, 
    "application_status" : "NOT_YET", 
    "username" : "08535344479", 
    "created_at" : ISODate("2020-12-20T16:09:39.076+0000"), 
    "updated_at" : ISODate("2020-12-20T16:09:39.076+0000"), 
    "__v" : NumberInt(0)
}
{ 
    "_id" : ObjectId("5fdf7753e196f815c2c25c52"), 
    "regis_data_status" : {
        "personal" : "N", 
        "relative" : "N", 
        "work" : "N", 
        "ektp" : "N", 
        "ekyc" : "N"
    }, 
    "application_status" : "NOT_YET", 
    "username" : "08535344479", 
    "created_at" : ISODate("2020-12-20T16:09:55.588+0000"), 
    "updated_at" : ISODate("2020-12-20T16:09:55.588+0000"), 
    "__v" : NumberInt(0)
}
{ 
    "_id" : ObjectId("5fdf788efd5ef9444c63ca86"), 
    "regis_data_status" : {
        "personal" : "N", 
        "relative" : "N", 
        "work" : "N", 
        "ektp" : "N", 
        "ekyc" : "N"
    }, 
    "application_status" : "NOT_YET", 
    "username" : "08535344471", 
    "created_at" : ISODate("2020-12-20T16:15:10.117+0000"), 
    "updated_at" : ISODate("2020-12-20T16:15:10.117+0000"), 
    "__v" : NumberInt(0)
}
{ 
    "_id" : ObjectId("5fe026d7fd5ef9444c63ca9a"), 
    "regis_data_status" : {
        "personal" : "N", 
        "relative" : "N", 
        "work" : "N", 
        "ektp" : "N", 
        "ekyc" : "N"
    }, 
    "application_status" : "NOT_YET", 
    "username" : "085353444490", 
    "created_at" : ISODate("2020-12-21T04:38:47.340+0000"), 
    "updated_at" : ISODate("2020-12-21T04:38:47.340+0000"), 
    "__v" : NumberInt(0)
}
{ 
    "_id" : ObjectId("5fe0298ffd5ef9444c63caa0"), 
    "regis_data_status" : {
        "personal" : "N", 
        "relative" : "N", 
        "work" : "N", 
        "ektp" : "N", 
        "ekyc" : "N"
    }, 
    "application_status" : "NOT_YET", 
    "username" : "085353444491", 
    "created_at" : ISODate("2020-12-21T04:50:23.381+0000"), 
    "updated_at" : ISODate("2020-12-21T04:50:23.381+0000"), 
    "__v" : NumberInt(0)
}
{ 
    "_id" : ObjectId("5fe0348afd5ef9444c63caa2"), 
    "regis_data_status" : {
        "personal" : "N", 
        "relative" : "N", 
        "work" : "N", 
        "ektp" : "N", 
        "ekyc" : "N"
    }, 
    "application_status" : "NOT_YET", 
    "username" : "085353444492", 
    "created_at" : ISODate("2020-12-21T05:37:14.381+0000"), 
    "updated_at" : ISODate("2020-12-21T05:37:14.381+0000"), 
    "__v" : NumberInt(0)
}
{ 
    "_id" : ObjectId("5fe049ce23b55b76d6e692ca"), 
    "regis_data_status" : {
        "personal" : "N", 
        "relative" : "N", 
        "work" : "N", 
        "ektp" : "N", 
        "ekyc" : "N"
    }, 
    "application_status" : "IN_PROGGRESS", 
    "username" : "085353444494", 
    "auth" : {
        "pin" : "U2FsdGVkX1+syU0+kbqETGRddKksPuGP3Ijl5wxpHPM="
    }, 
    "created_at" : ISODate("2020-12-21T07:07:58.213+0000"), 
    "updated_at" : ISODate("2020-12-21T07:07:58.213+0000"), 
    "__v" : NumberInt(0), 
    "personal" : {
        "no_ktp" : "3278062707970012", 
        "email" : "shin.tekh@gmail.com", 
        "education" : "S2", 
        "address" : "akakakakkakakakakakjajja", 
        "province" : "DKI Jakarta", 
        "city" : "Jakarta Selatan", 
        "district" : "Mampang Prapatan", 
        "sub_district" : "Mampang Prapatan", 
        "rt" : "001", 
        "rw" : "002", 
        "living_status" : "Milik Sendiri", 
        "created_at" : ISODate("2020-12-21T21:16:42.233+0000")
    }
}
{ 
    "_id" : ObjectId("5fe04a0923b55b76d6e692cc"), 
    "regis_data_status" : {
        "personal" : "N", 
        "relative" : "N", 
        "work" : "N", 
        "ektp" : "N", 
        "ekyc" : "N"
    }, 
    "application_status" : "NOT_YET", 
    "username" : "085353444495", 
    "auth" : {
        "pin" : "U2FsdGVkX18wcSK2YtugWj06Y9l2YVrt+n8m+RvlI1Q="
    }, 
    "created_at" : ISODate("2020-12-21T07:08:57.467+0000"), 
    "updated_at" : ISODate("2020-12-21T07:08:57.467+0000"), 
    "__v" : NumberInt(0)
}
{ 
    "_id" : ObjectId("5fe04be523b55b76d6e692cf"), 
    "regis_data_status" : {
        "personal" : "N", 
        "relative" : "N", 
        "work" : "N", 
        "ektp" : "N", 
        "ekyc" : "N"
    }, 
    "application_status" : "NOT_YET", 
    "username" : "085353444496", 
    "auth" : {
        "pin" : "U2FsdGVkX1+boODuPrqbY5S8y0Rak1dOcjHp9nErGcM="
    }, 
    "created_at" : ISODate("2020-12-21T07:16:53.538+0000"), 
    "updated_at" : ISODate("2020-12-21T07:16:53.539+0000"), 
    "__v" : NumberInt(0)
}
{ 
    "_id" : ObjectId("5fe0f54b48b29ac0ed6cc18a"), 
    "regis_data_status" : {
        "personal" : "Y", 
        "relative" : "Y", 
        "work" : "Y", 
        "ektp" : "Y", 
        "ekyc" : "N"
    }, 
    "application_status" : "APPLICATION_SUCCESS", 
    "username" : "085353444498", 
    "auth" : {
        "pin" : "U2FsdGVkX184SI734pDJOmIQ1hjG3nkB6eTd8QosyM4="
    }, 
    "created_at" : ISODate("2020-12-21T19:19:39.700+0000"), 
    "updated_at" : ISODate("2020-12-21T19:19:39.700+0000"), 
    "__v" : NumberInt(0), 
    "personal" : {
        "no_ktp" : "3278062707970010", 
        "email" : "asdsad@gmail.com", 
        "education" : "S1", 
        "marital" : "Belum Kawin", 
        "address" : "wisma asri 1", 
        "province" : "DKI Jakarta", 
        "city" : "Jakarta Selatan", 
        "district" : "Mampang Prapatan", 
        "sub_district" : "Mampang Prapatan", 
        "rt" : "001", 
        "rw" : "017", 
        "living_status" : "Milik Sendiri", 
        "created_at" : ISODate("2020-12-22T08:04:36.578+0000")
    }, 
    "relative" : {
        "mother_name" : "Nely Septiningsih", 
        "relevan_name" : "Reza", 
        "relationship" : "Ayah", 
        "no_hp_relevan" : "081222811137", 
        "relevan_address" : "DKI Jakarta", 
        "created_at" : ISODate("2020-12-22T14:15:33.424+0000")
    }, 
    "work" : {
        "npwp" : "12345678976888", 
        "income_src" : "Gaji", 
        "income" : NumberInt(20000000), 
        "work_type" : "Professional", 
        "work_office" : "BTPS", 
        "work_status" : "Tetap", 
        "created_at" : ISODate("2020-12-22T14:12:54.196+0000")
    }, 
    "ektp_file" : {
        "path" : "/public/uploads/ektp-1608656153112.jpg"
    }, 
    "status_history" : [
        {
            "from" : "IN_PROGGRESS", 
            "to" : "APPLICATION_SUCCESS", 
            "created_at" : ISODate("2020-12-22T20:01:17.399+0000")
        }, 
        {
            "from" : "IN_PROGGRESS", 
            "to" : "APPLICATION_SUCCESS", 
            "created_at" : ISODate("2020-12-22T20:02:58.612+0000")
        }
    ]
}
{ 
    "_id" : ObjectId("5fe24087c6aad77f09a60a84"), 
    "regis_data_status" : {
        "personal" : "Y", 
        "relative" : "N", 
        "work" : "N", 
        "ektp" : "N", 
        "ekyc" : "N"
    }, 
    "application_status" : "APPLICATION_SUCCESS", 
    "status_history" : [
        {
            "from" : "NOT_YET", 
            "to" : "IN_PROGGRESS", 
            "created_at" : ISODate("2020-12-22T18:53:44.775+0000")
        }, 
        {
            "from" : "IN_PROGGRESS", 
            "to" : "APPLICATION_SUCCESS", 
            "created_at" : ISODate("2020-12-22T18:54:03.042+0000")
        }, 
        {
            "from" : "NOT_YET", 
            "to" : "IN_PROGGRESS", 
            "created_at" : ISODate("2020-12-22T19:19:18.174+0000")
        }, 
        {
            "from" : "IN_PROGGRESS", 
            "to" : "APPLICATION_SUCCESS", 
            "created_at" : ISODate("2020-12-22T19:19:39.334+0000")
        }, 
        {
            "from" : "IN_PROGGRESS", 
            "to" : "APPLICATION_SUCCESS", 
            "created_at" : ISODate("2020-12-22T19:24:52.973+0000")
        }, 
        {
            "from" : "IN_PROGGRESS", 
            "to" : "APPLICATION_SUCCESS", 
            "created_at" : ISODate("2020-12-22T19:27:25.118+0000")
        }
    ], 
    "username" : "085353444400", 
    "auth" : {
        "pin" : "U2FsdGVkX1992nrOF9rpxkSKY6iL4qVvdnwFoqD8RlI="
    }, 
    "created_at" : ISODate("2020-12-22T18:52:55.697+0000"), 
    "updated_at" : ISODate("2020-12-22T18:52:55.697+0000"), 
    "__v" : NumberInt(0), 
    "personal" : {
        "no_ktp" : "3278060000000", 
        "email" : "saya@gmail.com", 
        "education" : "S1", 
        "marital" : "Belum Kawin", 
        "address" : "wisma asri 1", 
        "province" : "DKI Jakarta", 
        "city" : "Jakarta Selatan", 
        "district" : "Mampang Prapatan", 
        "sub_district" : "Mampang Prapatan", 
        "rt" : "001", 
        "rw" : "017", 
        "living_status" : "Milik Sendiri", 
        "created_at" : ISODate("2020-12-22T19:19:18.174+0000")
    }
}
